label,name,description
E,E501 工学大意（情報）,"社会を支える「ものづくり」の基盤である機械分野、電気・電子分野、情報分野の技術について、工学と社会さらには地域とのつながり、歴史および現在、未来の技術について学び、「自ら考えて行動する技術者」としての第１歩を歩み出す意識を明確にする。各分野における学ぶ領域、学問の拡がりを学び、各自の将来の目標、夢を実現するためのキャリア形成を意識して、修学計画能力を身につけ、今後の学習姿勢を確立する。「覚える・暗記する」学習ではなく、現象や物事の本質を論理的に考える力（科学力）、デザイン力の醸成を目標とする。
行動目標●現代社会における工学部の役割を理解し、自身の修学計画を立案することができる。情報工学科の「学ぶ領域」、研究分野を理解し、今後の勉学の方法、履修計画について主体的に考えることができる。情報工学の基礎である計算機とプログラミングの役割について説明できる。情報技術を利用したソリューションが果たす役割を説明できる。情報技術により提供するサービスがどんな仕組みか説明できる。自身のキャリア形成プロセスを自身の言葉で述べ、それを第三者に伝えることができる。"
E,E502 プログラミング I,"この科目の学習教育目標は、プログラミング言語 Python で基本的なプログラムを作成し、実行できるようになることである。具体的には、適切な開発環境を自分のパソコンに用意でき、下記概要に記した Python の文法事項を理解したうえでプログラムが書け、書いたプログラムを実行できるようになることが目標である。
行動目標●プログラムを実行するまでにどのような操作が必要か、流れを説明できる。変数に値を代入することができ、print 文を用いて変数の値を表示することができる。適切な名前を持った変数および演算子をもとに式を作り、式を評価して結果を得ることができる。条件分岐や反復など、基本的な制御構文を適切に用いたプログラムが記述できる。比較的簡単な仕様を満たす関数を定義することができる。リストを定義し、それを利用するプログラムが記述できる。"
E,E503 離散数学,"高度な情報処理技術者として活躍するためには、単にプログラムが組めるだけでなく、数学的な知識が必要とされる。本科目では情報工学で必要とされる数学的知識を身につけることを目標とする。本科目で学んだことは後継科目で必要となるので、十分に理解しておく必要がある。
行動目標●集合の演算が行える。命題論理式の真偽の計算ができる。同値類による類別ができる。群の同型が説明できる。有限体上の多項式の加減乗除ができる。"
E,E504 コンピュータシステム基礎 ,"計算機の能力を十分に活用する、あるいは新しい計算機の開発を行うためには、現在の計算機の計算機構に対する深い理解が不可欠である。情報はどのようにデータとして計算機に蓄えられ、蓄えられたデータはどのように計算機によって処理されるのか、を学び考える。本科目を修得することにより計算機の構成と命令について説明することができ、やさしい機械語プログラムの読み書きができるようになることを目指す。
行動目標●真理値表から論理関数を構成し論理回路を構成できる。中央処理装置、主記憶装置、レジスタについて説明できる。番地と記憶内容の違いを理解している。命令の実行サイクルについて説明でき、動作例を示せる。番地指定方式の違いを知っている。基本的な機械命令の機能について説明でき、簡単なプログラムが書ける。条件分岐命令を理解し、基本的な繰り返し処理プログラムが書ける。プログラミング言語の処理過程を説明できる。"
E,E505 プログラミング II,"本科目プログラミングⅡでは、二つのプログラミング言語を学ぶ。まず、前半では先行科目のプログラミングⅠに引き続き、プログラミング言語Pythonの基礎をさらに学ぶ。後半では、プログラミング言語Javaを用いて、コンパイルと変数の静的型付けが必要なプログラミング言語でのプログラミングの基礎を（Pythonと対比しながら）学ぶ。
行動目標●各種データ構造を利用したPythonのプログラムが記述できる。イテレータを適切に利用してデータを操作するPythonのプログラムが記述できる。様々なモジュールを適切に利用したPythonのプログラムが記述できる。Javaのプログラムを実行するまでにどのような操作が必要か、流れが説明できる。変数の型を適切に用いたプログラムが記述できる。Javaの制御構文(if, for, while)やメソッドを適切に用いたプログラムを記述できる。"
E,E506 アカデミックライティング ,"「修学基礎Ａ・Ｂ」を引き継ぎ、各専門分野におけるレポート作成スキルを育成する。問題発見、問題解決するプロセスにおいては、自己の考えや主張をレポートとしてまとめ、情報を発信する能力が必要である。これを「個人」の能力として身につけさせるために、学科の専門性に則したテーマでレポートの作成手順を学習するとともに成稿することにより、専門科目のレポートおよび論文作成の入門として位置づける。
行動目標●情報工学の分野における問題を発見し、レポートのテーマを設定できる。情報工学の分野における情報を収集・分析・整理することができる。情報工学の分野に則したレポートが作成できる。"
E,E507 論理回路 ,"「コンピュータシステム基礎」などで学んだ理想化されたモデルに対し、本講では主として、実在する部品で構成される簡単な論理回路、システムを対象とする。論理ゲート、フリップフロップで構成される論理回路設計の基礎を学習する。
行動目標●正・負２進数の加減算、乗算の演算ができる。論理回路の各種タイプについて相互変換や簡単化ができる。符号器、復号器、データセレクタ、マルチプレキサを用いてデータ変換と制御ができる。各種比較回路、二進加算回路を用いた回路を構成できる。各種フリップフロップの働きを理解し、シフトレジスタを構成できる。同期カウンタ回路を構成できる。"
E,E508 データ構造とアルゴリズム ,"良いプログラムを書くためには、データ構造とアルゴリズムの知識が必要である。本科目の目標は以下の２つである。①情報工学において基礎知識となるデータ構造とアルゴリズムを学ぶ。②解こうとする問題に対して適切なデータ構造およびアルゴリズムを選択できる。
行動目標●各種データ構造を十分理解し、適切に使いこなせる。各種アルゴリズムを十分理解し、適切に使いこなせる。計算量の観点からアルゴリズムの良し悪しを見分けることができる。問題に対して、最適なアルゴリズムとデータ構造を選択できる。"
E,E509 プログラミング III ,"オブジェクト指向プログラミング言語は、現実の世界のオブジェクトを計算対象のオブジェクトに効果的に変換しようとするプログラミングパラダイムの基に発展してきている。クラス、オブジェクトの概念とともに、問題をそういう視点で見る訓練が必要である。本講義では、安全で確実に動くプログラムをいかに作成していくかオブジェクト指向プログラミングの基礎をソフトウェア工学の基礎もふまえながら学んでいく。また、Javaの開発環境の提供する豊富なＡＰＩを活用するテクニックを学ぶ。
行動目標●Javaによる基本的なプログラミングの手順を理解し、実際に記述できる。オブジェクト指向の基礎的概念を理解し、説明できる。簡単なＧＵＩを利用したアプリケーションを作成できる。"
E,E510 データベース,"「データベース」では、もっぱらリレーショナルデータベースを対象とし、データベースを正しく設計し、正しくアクセスできることを主目標とする。具体的には、①リレーショナルデータベースとは何かを説明できる。②正規化の手順とその長所・短所を説明できる。③問合せをＳＱＬで記述できる。④実世界を実体－関連モデルを用いて表現し、さらにその表現をスキーマに変換できる。⑤三層スキーマ構造を説明できる、などを目標とする。
行動目標●リレーショナルデータベースとは何かを説明できる。正規化の手順とその長所・短所を具体的に説明できる。問い合わせをリレーショナル代数（集合演算、射影、選択など）で表現でき、さらに、その表現をＳＱＬで記述することができる。実世界を実体－関連モデルを用いて表現し、さらに、その表現をリレーショナルデータベーススキーマに変換できる。三層スキーマ構造（外部スキーマ、概念スキーマ、内部スキーマ）とは何かを説明できる。"
E,E511 情報工学実験 I ,"プログラミングI、IIの内容を組み合わせた発展的な内容について、Linux環境上でのプログラミング演習形式で学ぶ。個人のノートパソコンにLinuxをインストールし、授業時間外においても課題に取り組める実験環境を構築する。Cプログラミンでは、コマンドラインからの引数取得やメモリの動的な割り当て／解放など、プログラミングIIにおいて教えることを必須としなかった項目についても学ぶ。さらにファイルの入出力、構造体、共用体およびUNIXシステムコールを用いた応用プログラミング演習を実施することにより理解を深める。
行動目標●Linux環境上においてプログラムの作成、デバック、実行の管理ができる。配列、関数、ポインタ、構造体、共用体、ファイル操作等を適切に組み合わせたプログラムをC言語で作成できる。またプログラムが正しく動作しているかどうかを確かめることができ、プログラムの誤りを見つけて適切に修正できる。"
E,E512 コンピュータアーキテクチャ基礎 ,"コンピュータはハードウェアとソフトウェアが一体となり情報処理を行う。本科目ではコンピュータがどのようにプログラムを実行するのかを理解するために、コンピュータの基本構成と動作原理を修得する。また、コンピュータの高速化手法や組込みプロセッサについて学習する。
行動目標●計算機システム内部の数値表現形式による加減演算を筆算で行える。ＣＰＵの内部構成図を示し、実行される計算処理の過程を説明できる。計算機システムの命令語構成およびアドレス指定方式について説明できる。メモリの階層構成について例を挙げて説明できる。ＣＰＵを高速化する方法とそれに必要な機能を説明できる。"
E,E513 情報ネットワーク ,"現在のインターネットを支えるプロトコル群であるＴＣＰ／ＩＰ、また関連するさまざまな通信技術の知識と理論を学習する。このことにより、ＬＡＮやＷＡＮなどのコンピュータネットワーク、さらにはＷＷＷがどのようなものであるのかを理解し、ネットワーク運用に関する基礎的なスキルを身につける事を目標とする。
行動目標●コンピュータネットワークの基本的な仕組みについて説明できる。ＯＳＩ参照モデル、ＴＣＰ／ＩＰにおける各層の機能を説明できる。インターネットの基本的な仕組みについて説明できる。ネットワークの基礎的なコマンドやツールを使えネットワーク診断ができる。"
E,E514 ソフトウェア工学 I ,"①ソフトウェア設計の基礎概念、特に、オブジェクト指向開発の概念を学ぶ。②代表的なソフトウェア設計記述言語（ＵＭＬ）を身につける。③設計から実装までの実習経験を通じて、ソフトウェア設計の技術を学ぶ。
行動目標●"
E,E515 オペレーティングシステム I ,"オペレーティング・システム（ＯＳ）は、広範囲なアプリケーション・システムの共通プラットフォームである。この講義では、ＯＳの基本概念と設計技法について学習し、システムコールを利用してＯＳプログラミングができるようになる。①ＰＣ、ワークステーション系ＯＳの概略特徴を知る。②ＯＳの主要概念と機能コンポーネントを理解し説明できる。③ＯＳの正確な使用法とプログラミングについて概略理解する。
行動目標●オペレーティングシステムの基本機能を説明できる。プロセスとスレッドの相違点を説明できる。仮想記憶方式について説明できる。ファイルシステムについて説明できる。UNIXシステムコールを用いてプログラミングできる。"
E,E516 情報工学実験 II ,"プログラミング言語 Python は教育用としてのみならず、ウェブサービスや人工知能の分野においても世界的に広く使われているプログラミング言語である。また近年プロジェクトデザインⅢで Python が使われるケースも非常に増えている。そのような背景もあり、平成30年度よりプログラミングⅠでは従来の C 言語に代えて Python が採用されることとなった。移行措置として本年度の情報工学実験Ⅱは Python の速習コースを兼ねている。加えて、コンピュータ技術者としてより規模の大きなソフトウェアを効率的に開発するための各種ツールと方法論を実践的な課題を通じて修得する。
行動目標●Python を用いたプログラミングに慣れ親しむ。中規模ソフトウェアを開発するために必要な知識を持ち、効率的に開発するツールの必要性を説明できる。デバッガやテストツール、バージョン管理システムなどを利用し、ソフトウェアを効率的に開発することができる。演習的な規模を超える規模のソフトウェアを開発し保守することができる。"
E,E517 形式言語とオートマトン ,"本科目では形式文法と形式言語について学ぶ。とくに正規文法、正規表現および文脈自由文法を学ぶ。またそれらの言語を処理する種々のオートマトンについても学ぶ。この科目で学ぶことは言語を表現、処理するための基礎的な知識となる。
行動目標●チョムスキーの階層が説明できる。種々の有限オートマトン間の変換ができる。正規文法、正規言語の定義が説明できる。有限オートマトンから正規文法への変換、および、逆変換ができる。正規表現の定義が説明できる。文脈自由文法における導出が説明できる。"
E,E518 情報理論 ,"近年の通信やコンピュータネットワークの発展は目覚しく、ますます多くの情報を扱うようになっている。その発展の基礎を与えたシャノンの情報理論を学ぶ。初めに情報を量としてどう表すか、および、そこで必要な確率の概念を学ぶ。次に情報源およびその効率的符号化方法を学ぶ。最後に通信路で生じた誤りを訂正するための通信路符号化を学ぶ。
行動目標●情報量、エントロピー、情報源、符号化などのキーワードについて説明できるようになる。情報源符号化定理を理解し具体的に説明できるようになる。情報源符号化法のシャノン・ファノの方法を具体例に当てはめて符号を示す事ができる。情報源符号化法のハフマン符号を具体例に当てはめて符号を示す事ができる。パリティ検査方式の誤り訂正について説明できる。"
E,E519 数値処理,"工学的問題などから得られた数理モデルの解を数値的に得る方法について理解する。方程式を数値的に解くためには、極限計算を近似したり、級数を打ち切ったり、反復解法における反復を打ち切ったりする。そして、最終的には有限個・有限桁の小数同士の有限回の四則演算を行い、元の問題の解を近似的に求める。その問題はどのような場面で現われるのか。解は本当に求まるのか。誤差はどの程度か。大事な考え方を含む素朴な方法を十分に理解し、同じ問題をより速く、あるいはより正確に解くための方法の理解につなげる。
行動目標●数値計算の諸アルゴリズムとその誤差について説明できる。手計算またはプログラミングにより数値計算アルゴリズムにのっとった計算を実行できる。与えられた課題に対して数値計算アルゴリズムを用いた結果を評価できる。"
E,E520 ソフトウェア工学 II,"ソフトウェア工学は、ソフトウェアの開発および保守における諸課題を解決するための技術体系である。ソフトウェア開発には３つのＰと１つのＭ、即ち、Product（製品）、Process（工程）、Project（プロジェクト）、Management（管理）の４側面があると言われている。講義では、ソフトウェア開発におけるこれらの側面における諸課題とその解決方法を理解する。
行動目標●ソフトウェア開発において、信頼性の保証に寄与する工夫を提案できる（ソフトウェアの信頼性保証）。ソフトウェア開発において、生産性向上に寄与する工夫を提案できる（ソフトウェア開発の生産性向上）。情報を確認する技術の重要性を理解し、正しく情報を確認できる（情報確認技術）。ソフトウェア製品の内部構造に関する技術を理解し、応用できる（ソフトウェア製品技術）。ソフトウェアの開発工程に関する技術を理解し、応用できる（ソフトウェア開発の工程技術）。ソフトウェアの開発プロジェクトに関する技術を理解し、応用できる（ソフトウェア開発のプロジェクト技術）。"
E,E521 分散システム,"分散システムはコンピュータとネットワークの両方を統合化するための技術である。そのため、１台で動作している仕組みとの違いを述べる。現在、多くのシステムが分散システムとなっており、多くの技術があるため、それらを全て説明することはできないが、限られた時間の中で、体系的に説明を行う。
行動目標●各週において、演習問題を設け、受講者の理解度を確認できるようにする。さらに、推薦図書と参考文献という形で理解を一層深めることに適した関連した図書を推薦する。"
E,E522 デジタル通信と信号処理 ,"音声や映像などのアナログ信号をデジタル化して種々の処理を行うデジタル信号処理の基礎、デジタル信号処理を活用したデジタル通信の基礎的な知識ならびに技術を修得する。
行動目標●標本化定理を理解し、応用できる。たたみ込み和や周波数特性などのデジタルフィルタの基礎概念を理解できる。ｚ－変換や伝達関数を理解できる。フィルタの設計や実現の考え方を理解できる。デジタル通信の基本的な仕組みを説明できる。"
E,E523 オペレーティングシステム II ,"高度情報化社会における多くの情報処理システムでは、ネットワークに接続された複数のコンピュータシステムが、互いに他のコンピュータシステム上のプロセスやファイルを共有した分散システムとして構築されている。この特徴をふまえて、ネットワークシステムとしてのオペレーティングシステムの役割とその基本原理について学ぶ。ネットワークＯＳ上でのプログラムの作り方を学ぶことで、簡単な分散アプリケーションの設計と実装ができるようになる。
行動目標●①ＴＣＰ／ＩＰネットワークの仕組みとシステムコールの機能概略が解る。②ソケットプログラミングの技法を理解し、その使用法が解る。③ネットワークプログラミングの考え方について説明ができ、簡単な分散アプリケーションの設計と実装ができる。"
E,E524 映像メディア処理 ,"現在、デジタル画像処理技術は各種産業、医用、地球環境、映像メディアなどさまざまな分野に応用されている。計算機能力の進歩とともにその重要性は益々高まっている。本科目では画像処理の各種基本手法を理解することを主題とする。また、各種の画像データを具体的に使用して画像処理の基本技法を計算機上で実現する基礎能力の修得を目標とする。
行動目標●デジタル画像処理に必要な処理過程を理解し、説明できる。画像データの具体的処理、情報抽出について理解し、説明できる。デジタル画像処理の代表的な手法についてプログラムを作り、コンピュータで実現できる。"
E,E525 計算論 ,"コンピュータを使えば、いろいろな問題を解くことができる。しかし、コンピュータはどのような問題でも解くことができるのであろうか。このような根源的な疑問に答えることが計算論の目的である。コンピュータで原理的に解くことができない、あるいは解くのに非常に長い時間がかかる問題が存在すること、さらにそれらの間の関連が示される。理論的な議論にとどまらず、具体的に種々のアルゴリズムを通して応用面にも理解を深めることを目指す。
行動目標●チューリング機械の動作を説明できる。帰納的可算言語について説明できる。クラスＰに属するアルゴリズムを１つ以上説明できる。NPとPの差異について説明できる。ＮＰ完全性について説明できる。"
E,E526 コンピュータグラフィックス,"CG(コンピュータグラフィックス)は、機械・設計・化学などの分野におけるシミュレーションや、教育・芸術・映画などの分野におけるコンテンツ製作など、様々な分野で活用されている。また、GPUや3Dプリンタのような出力装置が近年進歩しており、その重要性はますます高まってきている。このようなCGに今日用いられている技術を体系的に学び、CG用ライブラリによるプログラミングによって、実際にCGコンテンツを作成できるスキルを身につける。
行動目標●3次元空間における座標系を理解し、適切に使用できる。3次元CGの座標変換と投影変換の概念を理解し、適切に使用できる。形状モデルの基本的な表現手法を理解し、プログラムで実装する事ができる。3次元CGの隠面消去とシェーディングの概念を理解し、効果的な技法を選択できる。3次元CGアニメーションの作成法を理解し、基礎的なプログラムを実装できる。"
E,E527 コンピュータアーキテクチャ設計 ,"コンピュータにおいて計算処理を実行するプロセッサの機能と構成、設計法を学ぶ。具体的には、グラフィックス型論理回路設計システムを用いて、論理ゲートシンボル、真理値表、状態遷移図、フローチャートによる基本的な論理回路の設計技法、および加算回路、シフトレジスタ、カウンタなどのプロセッサの構成要素の設計法を学ぶ。最終課題として自動販売機の基本回路などを例にプロセッサ基本ハードウェアの設計演習を行う。
行動目標●ハードウェア記述言語（ＨＤＬ）による論理回路設計手順、ＰＬＤ／FPGAによる実動手順を説明できる。パリティ生成／検査回路、加算回路などの組合せ論理回路を、真理値表を用いて設計できる。ＲＳ-ＦＦ、Ｔ-ＦＦ、Ｄ-ＦＦなどの記憶回路を、論理ゲートシンボルを用いて設計できる。ＭＳ ＴＦＦ、Ｄ-ＦＦを設計でき、これらを用いてｎ進カウンタ回路、シフトレジスタなどを設計できる。自動販売機基本機能などを例題に、必要機能を分析し具体的なハードウェアを設計できる。"
E,E528 数理計画 ,"工学の諸問題には、条件を与えて、コストを最小にするとか、利益を最大にするなどの最適化の問題が多い。数理計画ではこれらの問題の中で、比較的やさしい、線形計画法とプロジェクト・スケジューリングを学び、最適化の考え方や条件を数式で表す方法を修得する。また、数式で表した問題を解く方法を学ぶ。
行動目標●日常生活や学習項目の中で線形計画法の問題を見つける事ができる。見つけた問題を定式化できる。定式化した問題をシンプレックス法で解ける。ソフトウェアの開発などで日程計画が立てられる。"
E,E529 知識情報処理 ,"知識情報処理では、知識をシステマティックに蓄積する必要がある。問題解決に知識を如何に表現し、利用するか、そして知識をコンピュータ内の知識表現データ構造に如何に変換していくかを学ぶ。さらに、知識情報処理によく用いられるプログラミング言語についても触れ、問題解決、機械学習、自然言語処理に関する理解を深める。
行動目標●知識情報処理の基本概念について理解し、説明ができる。問題解決のための探索アルゴリズムおよび動的計画法について理解し、説明ができる。位置推定の手法について理解し、説明ができる。機械学習が対象とする問題とその計算方法について理解し、説明ができる。自然言語処理および画像処理の基礎を理解し、説明ができる。"
E,E530 Webコミュニケーション ,"サーバサイドプログラミングを、Servlet、ＪＳＰ、ＰＨＰ、rubyなどの技術を用いて学習する。データを効率よく管理する手法として、ＸＭＬを学び、ＸＭＬによる情報の構造化、ＸＳＬによる表示制御、さらにはＸＭＬをＤＯＭなどを通じてアプリケーションで操作するための技術を講義および演習を通じて学習する。必要に応じてデータベースや外部デバイス制御なども扱う場合がある。
行動目標●サーバサイドプログラミングの手法を理解し、コードが書ける。ＸＭＬによるデータの記述ができ、その加工が行える。"
E,E531 符号と暗号,"デジタル信号を記録，伝送する際に生じる誤りを訂正する誤り符号訂正技術および情報セキュリティの基盤となる暗号化技術はデジタル社会には必要不可欠な技術である．本科目では有限体，数論の基礎的な知識を身に付け、それらを応用して誤り訂正符号および暗号理論の知識を修得する。
行動目標●有限体上の計算ができる。数論の種々のアルゴリズムを実行できる。線形符号の符号化と復号化の方法を理解できる。ＲＳＡ暗号の暗号化と復号化の方法を説明できる。"
E,E532 パターン認識,"まず、人が難なく行っているパターン認識・学習という問題はどのような問題か、を認識する。次いで、認識系の前段にあるパターンの観測、前処理、特徴抽出について学習し、パターン認識の機能をコンピュータで実現するための情報処理モデルとして、統計的手法、構造解析的手法などに加え、ニューラルネットワークによる手法を学ぶ。さらに三次元の対象を扱うコンピュータビジョンの分野にも触れ、画像（視覚）パターンだけでなく、音声や時系列データなど一次元パターンから多次元まで通じる一般的なパターン認識論を学ぶ。
行動目標●パターン認識とはどのような問題であるか、また、情報工学においてどんな位置づけにあるかを説明できる。パターン認識に必要な処理過程を理解し説明できる。パターン情報処理の代表的な手法についてプログラムを作り、コンピュータで実現できる。学習とはどのような問題かを具体的に説明できる。コンピュータビジョン（画像処理）におけるパターン情報処理の問題で、具体的な例を示すことができる。"
E,E533 プログラミング言語とコンパイラ ,"システムソフトウェア、アプリケーションソフトウェアを作成して動作させるための翻訳ソフトウェアと実行環境の仕組みを学ぶ。1. プログラミング言語による記述の相違を概観する。2. テキストファイルやデータ構造から必要な情報の抽出・解析方法を検討する。3. ソースプログラムから実行可能形式を作成するコンパイラの処理やアルゴリズムについて学ぶ。履修者は学んだ知識から、パーサー・コンパイラのソースプログラム解読や、目的に応じたデータ抽出・解析・変換処理プログラムを作成できるようになる。
行動目標●コンパイラの動作原理を理解することにより、データ構造の解析や変換を行うアプリケーションソフトウェアを考えることができる。実在するパーサー・コンパイラのソースコードを拡張することができる。自分の目的に合った言語の設計とパーサー・コンパイラの実装が行える。"
E,E534 情報工学専門実験・演習Ａ ,"家電製品などで使用されているマイクロプロセッサを用いて基本プログラミング技術、各種デバイスの機能、マイクロプロセッサと各種デバイスを接続するための入出力制御機能について学ぶ。また、インターネットとセキュリティについて、ルータ・スイッチを用いて、ＩＰｖ４／ＩＰｖ６の理解と構成に関して調査・演習を通じて知識やスキルを修得する。さらに、パケットキャプチャを通じて、ネットワーク制御の方法を学ぶ。
行動目標●Ｃ言語／アセンブラでプログラミングし、ＡＶＲマイコンボードに転送し動作を確認できる。ＡＶＲマイコンを用いてＷＤＴ、割り込み、ＰＷＭ制御などに関する技術を確認できる。ＡＶＲマイコンを用いて、コンテクストスイッチング（マルチタスク）技術を確認できる。ルータ・スイッチを用いて、ＩＰｖ４／ＩＰｖ６の理解と構成を確認できる。ネットワークキャプチャソフトを用いてネットワーク上のトラフィックを確認できる。pcapライブラリを用いて、ネットワーク上を流れるトラフィックの獲得を自作できることが確認できる。"
E,E535 情報工学専門実験・演習Ｂ ,"Lego Mindstormsを用いて組み立てた車型ロボットに各種コースを走破する応用プログラムを作成する演習を行い、制御技術、組み込みシステム開発技術、オブジェクト指向のシステム開発技術を修得する。Android端末を用いて、さまざまなGUIやAPI群を用いたアプリケーションを作成し、ソリューション提案が行える知識やスキルを修得する。
行動目標●Mindstormsロボットの動きの原理を説明できる。Mindstormsロボットの開発環境（Eclipse他）を作成して，応用プログラムを開発できる。Android端末プログラミング（適切なGUIを用いた基本的なプログラミング）を作成できる。Android端末プログラミング（API群を用いたプログラミング）を作成できる。Android端末を用いた具体的なソリューションを提案できる。"
E,E536 情報工学応用 ,"本学科で修得した情報工学の諸分野の基礎的な情報技術を確認し、それらの情報技術が実社会でどのように役だっているかを学ぶ。情報産業を支える多くの技術群、即ち、情報ネットワーク技術、組み込みシステム技術、ソフトウェア開発技術、ソリューション開発技術、ヒューマンインターフェース技術、メディア解析・開発技術、Ｗｅｂサービス構築技術などへの応用の道筋についても学ぶ。現在獲得している情報技術者資格の上級資格を目指す。
行動目標●情報技術基盤の専門知識を利用し、実際的な課題に取り組むことができる。情報技術基盤の専門知識を利用し、実際的な応用課題に取り組むことができる。ソリューション構築に関する専門知識を利用し、実際的な課題に取り組むことができる。情報サービス実現の専門知識を利用し、実際的なサービス構築課題に取り組むことができる。"
E,E906 専門ゼミ,"プロジェクトデザイン III は、プロジェクトデザイン I ・ II の手法を基に、より専門的な知識と技能をもって遂行される集大成の科目である。専門ゼミでは、プロジェクトデザイン III におけるプロジェクト遂行上必要となる、これまでの講義・演習・実験で必ずしも十分でなかった知識や技能を補充し、また各活動領域で新たに必要となる知識と技能を修得し、第７期からのプロジェクトデザイン III プロジェクトを自主的に実施できるように、その基礎となる学力と技術力を養うことを目的とする。また、その過程において、プロジェクトデザイン III プロジェクトの目標と行動計画を明確にする。
行動目標●プロジェクトデザイン III プロジェクトの目標や行動計画について明確なイメージを持つことができる。プロジェクトデザイン III プロジェクトのテーマについて説明ができる。プロジェクトデザイン III を自主的に遂行するための知識や技能を修得する。学ぶ領域の専門分野に関する最新の技術動向の概要と自分の意見を述べることができる。プロジェクトで使用予定の機器やソフトウェアを操作できるようになる。情報系の技術者倫理、危機管理について自分の考えを述べることができる。"
E,E926 プロジェクトデザイン III,"これまで修得した情報工学に関する専門的知識・技術・問題解決能力を基に、具体的な情報関連技術および情報システムに関する研究・開発活動を体験する。この過程を通して、問題設定能力、製作プロセス展開能力、情報収集能力、コミュニケーション能力、客観的評価能力を養う。
行動目標●自ら選択した研究課題について、１年間で到達できる事柄の構想を自ら設定することができる。設定した事柄の構想に基づいて、具体的な制作アプローチを自ら設定できる。設計や分析を進める上で必要となる、情報工学の専門知識について、速やかに吸収することができる。設計や分析を進める上で発生するさまざまな問題に対して、適切な対応を取ることができる。他の人に納得してもらえるように、完成した事柄を技術的に、あるいは感性面などから総合的に評価することができる。"
E,E946 進路セミナー I ,"将来の進路について考え、技術者としての職業観の形成を計るとともに進学・就職の目標を設定し、その目標を達成するために必要な準備・対策に自主的かつ意欲的に取り組むことができるようになることを目的とする。主な課題は次の２つである。①就職活動を始めるに当たって必要な自己分析を行って、自分のことをしっかりと把握する。②資格取得、一般常識、総合適性検査（ＳＰＩ）など準備・対策に比較的長期を要する課題に計画を立てて着手する。
行動目標●人生設計と進路との関係を自ら深く考察できる。自分に適する進路を発掘すべく、それに必要な思考や行動ができる。進学・就職など自分の進路に関する方針や目標を、自ら立案する方法を修得し、立案し、他人に説明できる。進路に対する目標を達成するために必要な知識、能力、素養、資格などを調査し、自ら準備・対応ができる。"
E,E956 進路セミナー II ,"本科目では、進学・就職の目標を明確にして進路を決定する。まず、目標を明確するために、業界研究・企業研究および自己分析を行い、自分自身を取り巻く状況について深く理解する。続いて、進学・就職に向けて、基礎的な学力やコミュニケーション能力を身に着け、本番に備える。
行動目標●進路選択から決定までのプロセスを説明できる。進学・就職活動に必要な情報を収集・分析・活用して、自主的・積極的に活動できる。進学および志望する職種や企業で要求される適性、学力・素養などの内容・水準を説明できる。"
F,F001 情報フロンティア大意（メディア情報） ,"本学部では、大学で修得した知識・技術を人間と社会に対する幅広い視野で活用し、人々の生活をより豊かにデザインできる人材の育成を目指している。そのため、この科目では、メディア、心理、経営の各学びの領域の拡がりのみならずそれらの関連性や社会とのつながりについて教員、学生、院生、卒業生、専門分野の社会人と交流、討論することにより学び、各学科で修学する意義、専門領域について好奇心・探究心をもって自ら調べ理解する学習姿勢や、自らの将来目標を実現するための修学計画能力を身につけることを目標とする。
行動目標●現代および将来における情報フロンティア学部・メディア情報学科の役割を理解し、自身の修学計画を立案することができる。メディア情報学科における「学びの領域」の拡がりや社会との関連性を理解し、学科で学ぶ意義について説明できる。専門領域について好奇心・探究心をもって自ら調べる学習姿勢の重要性を理解し、今後学部・学科で修学するための指針とすることができる。自身のキャリア形成プロセスを自身の言葉で述べ、それを第三者に伝えることができる。"
F,F002 Ｗｅｂデザイン,"Ｗｅｂデザインの基本を身につける。Ｗｅｂサイトのコンセプトメイキング、情報の構造化、効果的なナビゲーション設計、見やすく、わかりやすく、使い勝手の良いＷｅｂページのデザイン、マルチメディア素材の特性について学び、マークアップ言語とスタイルシート言語を用いて、Ｗｅｂページの作成をノートパソコンを使って行う。個人情報保護法、知的財産に関する法的規制についても理解する。
行動目標●自分のノートパソコンを設定して、ワールドワイドウェブを閲覧することができる。テキストエディタを使って、ＨＴＭＬにより、文字とマルチメディアを使ったページを記述できる。作成したＨＴＭＬファイルをウェブサーバーにアップロードすることができる。ＣＳＳを使ったページのレイアウトができる。情報の効果的な表現、情報の配置、配色を工夫し、使いやすさ、誰にでも使えることに配慮して、ホームページを作成できる。ネットワーク上の個人情報、セキュリティ、著作権に関する規制、ネチケットがわかる。"
F,F003 感性形成演習,"メディア情報の設計に必要な、視・聴覚刺激における感性と物理的なパラメータとの関係を演習によって習熟する。視覚刺激については、微妙な色の違いが分かり、さらにさまざまな色をマンセルの色番号で言い当てることができるよう演習を行う。聴覚刺激については、微妙な周波数、強さの違いが分かり、特定の周波数領域を強調した音色を聴いて、どの周波数帯域が強調されたかを言い当てられる演習を行う。
行動目標●視聴覚刺激の知覚メカニズムを理解できる。色を見て、色相、彩度、明度の弁別とおおまかな識別ができ、任意の色をマンセルの色番号で表現できる。音を聴いて、その微妙な周波数、強度の違いを弁別できる。特定の周波数、強度の音を識別できる。特定の周波数領域を強調した音色を聴いて、どの周波数帯域が強調されたかを識別できる。"
F,F004 ＩＴシステム基礎 ,"IT (Information Technology) を有効に活用するためには、コンピュータやデータ通信の仕組みを十分に理解することが肝要である。本科目では、情報システムと通信ネットワークの基礎概念を理解した上で、システムの管理・分析方法を習得することを目標とする。授業は講義・演習の形式で行われ、以下の項目に重点が行われる。(1) 表計算ソフトの利用、(2) コンピュータネットワーク、(3) インターネットの仕組み、(4) セキュリティ、(5) システム分析、(6) 企業活動。
行動目標●（表計算）絶対参照と相対参照が理解できる。（表計算）IF関数が使える。IPアドレスの仕組みが理解できる。ネットワークの基本的な仕組みが理解できる。システム開発・評価方法の概略を把握できる。企業活動と社会的責任が理解できる。"
F,F005 プログラミング基礎 ,"コンピュータにはハードウェアとソフトウェアのどちらも欠かすことができない。プログラミングはその一方のソフトウェアを作る技術であり、プログラミングの手法とその考え方を理解すれば、ソフトウェアの作成だけではなく、ソフトウェアを扱う上でも非常に役に立つ知識を得ることができる。本科目では、現在最も広く使われているプログラミング言語であるＣ言語について、その文法を理解することを中心に、プログラミングの概念と開発工程を学習する。
行動目標●Ｃプログラミングに必要な基礎知識が修得できる。算術、文字操作、データ処理など実用的なプログラムを作成できる。"
F,F006 ドローイング,"発想内容の視覚化やコミュニケーションツールとして有効なスケッチスキルを修得する。クリエーターの発想にはモノとコトがあり、これらを自由に表現するための論理的フリーハンド描画技法を学ぶ。後半では修得したスキルを活かし、感性表現・伝達の訓練で実践的スキルへの変換を目指す。
行動目標●モノの形を正しく表す基本的な技法が理解できる。さまざまなモノを自由に視点を変えて表現できる。誰にでも同様な内容が伝えられるドローイングができる。自分の発想を正しくドローイングし、保存できる。クリエーターとしての活動の中で、図を利用して伝えることの重要性を理解できる。"
F,F007 アカデミックライティング ,"１年次の「修学基礎Ａ・Ｂ」を引き継ぎ、専門分野におけるレポート作成スキルを育成する。問題発見・問題解決のプロセスにおいては、自己の考えや主張をレポートとしてまとめ、情報を発信する能力が必要である。これを「個人」の能力として身につけさせるために、学科の専門性に則したテーマでレポートの作成手順を学習するとともに成稿することにより、専門科目のレポートおよび論文作成の入門として位置づける。
行動目標●メディア情報学の分野における問題を発見し、レポートのテーマを設定できる。メディア情報学の分野における情報を収集・分析・整理することができる。メディア情報学の分野に則したレポートが作成できる。"
F,F008 プログラミング,"プログラミング能力を向上するためには数多くの問題を解くことが望ましい。本科目では、きめ細かな指導が可能な少人数での演習を中心とした授業で、Ｃ言語プログラミング技術の定着とより実践的な技能の修得を目指す。基本的なデータ型・変数宣言・配列・演算・入出力や、条件分岐・繰り返しなどの制御構造、関数の作成・標準ライブラリ関数の利用について、および、ソフトウェア開発において定石となっているデータ構造や基本アルゴリズムの活用方法などについて学習する。
行動目標●自分のＰＣを使ってプログラムを開発できる。プログラムのミスを見つけて修正できる。簡単な算術プログラムを作成できる。ｉｆやｆｏｒなどの制御文を利用したプログラムを作成できる。標準ライブラリ関数を適切に利用できる。平均値や最大値などのデータ処理の実用的なプログラムを作成できる。"
F,F009 メディア情報論 I ,"文字、音、静止画像、動画などの情報が、コンピュータの中でどのように処理され、記録されるのかを学ぶ。さらに、われわれを取り巻く環境内に存在するこれらの情報が、視・聴覚を通じて、人間の知覚系の中でどのように処理されるのかを理解し、人間の情報処理とコンピュータにおけるメディア情報処理との関係について考察する。この学習を通し、メディア情報コンテンツの表現・制作に必要とされる基礎的な知識と技術を身につける。
行動目標●文字、静止画像、動画、音などの情報のデジタル表現と処理の基礎が理解できる。人間の視・聴覚における知覚とメディア情報との関係が理解できる。簡単なメディア作品の制作方法がわかる。"
F,F010 サーバ管理入門 ,"サーバ用オペレーティングシステムとして広く採用されているLinuxの基本的な操作方法を修得する。サーバ管理の際はＣＵＩを用いることが多いため、コマンドをキー入力してコンピュータを操作することを基本とし、ファイルやディレクトリの操作・管理、多目的エディタemacsでの文書作成、Ｃ言語プログラムのコンパイル、電子メールの送受信、Ｗｅｂページの作成・公開方法などについて学ぶ。また、telnetやｆｔｐなどの基本的なネットワークコマンドの活用についても学ぶ。
行動目標●Linuxのコマンドライン環境でコマンドを実行し、ファイル操作などができる。emacsを用いて日本語文書やＷｅｂページを作成できる。telnetやｆｔｐなどの基本的なネットワークコマンドを利用できる。"
F,F011 ３Ｄデッサン ,"二次元の中に三次元を創ることはできないが、そのように伝わる表現をすることはできる。ＰＣではこれらを３Ｄモデリングソフトで行うことが多い。この科目前半では学生自らの発想に基づく形から、立体造形の基本的技法を学び、フリーハンドで表現し、３Ｄソフト表現での基礎知識とする。科目後半では三次元の形として伝えるさまざまな表現方法を学び、感性表現の伴う課題での演習を行う。またこれらの課題を通し、頭の中に立体としての映像を作り、空間構成能力を修得することを目指す。
行動目標●２Ｄ、３Ｄ形態の相関を理解しデッサン表現できる。作成しようとする立体画像の３Ｄ表現技法が分かる。情景としての空間のさまざまな成立条件が理解できる。多様な遠近法での空間表現ができる。感性表現補助の一部技法が理解できる。"
F,F012 コンピュータシステム,"情報技術（ＩＴ）は現代社会に欠かすことのできない技術であり、これはコンピュータシステムにより実現されている。コンピュータの構成要素である中央演算処理装置ＣＰＵ、メモリ、入出力装置などの構造と動作原理を学ぶ。コンピュータ構成要素、システム構成要素、ソフトウェア、ハードウェアについて学ぶ。
行動目標●コンピュータの構成要素がわかる。アセンブラ言語のプログラムを理解できる。演算制御について説明できる。メモリの構成がわかる。オペレーティングシステムの機能がわかる。"
F,F013 コンピュータグラフィックス演習 ,"ＣＧ（コンピュータグラフィックス）は、設計、製造、機械、科学分野でのシミュレーション、教育、芸術、映画、放送、娯楽などの分野における映像制作など、さまざまな分野で活用されますます重要性が高まっている。本講義ではＣＧに関する以下のことを学習目標とする。座標変換に関する基礎理論を理解し、表現できる。モデリングの基礎理論を理解し、基本形状が表現できる。レンダリングの基礎知識を修得し、シェーディング、ライティング、マッピングなどが表現できる。アニメーションの基礎知識を修得できる。
行動目標●座標変換に関する基礎理論を理解でき、表現できる。モデリングの基礎理論を理解し、基本形状が表現できる。レンダリングに関する基礎知識を修得できる。アニメーションの基礎知識を修得できる。"
F,F014 メディア情報論 II ,"絵画、写真、音楽、音声、動画などのコンテンツ表現は、メディアテクノロジの発展によって大きく変化し、社会や文化を大きく変革した。逆に、社会や芸術・デザイン表現の要請から新たなメディアテクノロジも産まれてきた。この講義では、これらの関係について、いくつかの断面から考察を行う。このことによって、メディアコンテンツ制作やメディアテクノロジを開拓する上で必要な幅広く統合的な知識と教養を身につけ、将来を見据えて行動する力を養う。
行動目標●コンテンツの表現がテクノロジの発展によって変化したことについて例を挙げて説明できる。メディアテクノロジの発明によって社会・文化が変革したことについて例を挙げて説明できる。現在開発途上にあるメディアが社会・文化との関わりの中でどのように変化していくのか、根拠を持って推察できる。"
F,F015 音楽・音響情報処理,"ミュージック・シンセサイザの中で行われている音の合成、およびシーケンサを用いて行われている自動演奏を、コンピュータ・プログラミングによって実際に体験する。この体験を通じて、音をコンピュータ上で扱うための知識と手法を修得する。また、このプログラミングのために必要な、音の物理的性質、音の入出力、フーリエ合成などについても学習する。
行動目標●音響信号がコンピュータ上でどのように扱われているのかを理解できる。シンセサイザの原理を説明できる。通信カラオケや着メロの原理を説明できる。音の合成と自動演奏のプログラミングができる。記譜上の音高と周波数との関係を説明できる。音に関する作品制作ができる。"
F,F016 オブジェクト指向プログラミング ,"オブジェクト指向プログラミングの概念は効率の高い開発手法としてさまざまなプログラミング言語に採用され、多くの開発現場で活用されている。本科目では、Java言語を用いてオブジェクト指向プログラミングの概念と作法を修得する。オブジェクトを構成するクラス・フィールド・メソッド・コンストラクタの基礎から、カプセル化・オーバーロード・継承などのオブジェクトの活用方法について学習する。また、作成したプログラムをコンピュータ上でコンパイル・実行し、その動作を検証することにより理解を深める。
行動目標●オブジェクト指向の概念やソフトウェア開発手順を理解し、説明できる。Javaを用いた基本的なプログラムの開発が行える。教科書や技術資料を参考にして自主的にJavaの学習が行える。"
F,F017 アニメーション制作演習 ,"アニメーションの原理を理解する。この知識を用いアニメーションを構造的に捉え、動画づくりの歴史に沿った制作表現を学ぶ。具体的には、手軽に制作できる紙媒体での残像現象表現から、錯視などを加えたレイヤーを活かしたコマ撮りアニメーションまでをハンズオンで学習し、メディアコンテンツのひとつとして重要な位置をなすアニメーションを制作できる基礎能力を身につける。
行動目標●アニメーションの原理・制作表現の構造を理解できる。そのうえで平面や立体での素材を用い、制作目標に適した表現で具体的にアニメーションを制作できる。"
F,F018 メディア応用 ,"この講義では、これまで学んできたメディア技術や今後専門的に学ぶＣＧ、映像メディアコンテンツの作成、配信に関する技術や方法論が実社会でいかに応用され、利用されているか、また、その問題点は何かなどについて総合的に学ぶと同時に将来の目標を実現するためにはどのように勉学をすればよいかの指針を得ることを目的とする。
行動目標●講義で展開されたメディア情報の利用、応用が理解できる。メディアコンテンツの実社会へ応用について、例をあげて説明できる。"
F,F019 情報ネットワーク ,"情報化社会を支える情報ネットワーク技術の基礎的な知識を修得する。ネットワークとコンピュータとの関連を理解し、ネットワークシステムの内部構造を理解するために、コンピュータのハードウェアやオペレーティングシステムから、トランスポート層・ネットワーク層・データリンク層のプロトコルを中心に、ネットワークへの接続方法、アドレッシング、ネットワークサービス、無線テクノロジ、基本的なセキュリティ、ネットワークのトラブルシューティング技法などについて学習する。
行動目標●ネットワークアーキテクチャの基本的な概念を説明できる。情報ネットワークの構成技術、社会基盤での役割を説明できる。プロトコルの役割と手順を説明できる。インターネットワーキングの技術や利点について具体的に説明できる。"
F,F020 メディア情報論 III,"人間が画像、動画、音楽などを見聞きした際の、認知情報処理過程、および、感性・感情情報処理過程について学ぶ。また、これらの過程を計算機を用いてシミュレートする方法について実際に演習を行いながら学ぶ。
行動目標●人間の視・聴覚刺激に対する認知情報処理過程について理解できる。人間の視・聴覚刺激に対する感性・感情情報処理過程について理解できる。上記２つの過程を計算機を用いてシミュレートするための情報処理技術について理解できる。またこれらを基にメディアコンテンツの工学的デザインができる。"
F,F021 データベース,"データベースは、データ間の整合性を保証しながら、複数の応用プログラム間でデータを更新・共有・再利用するためのシステムである。この講義では、リレーショナルデータベースの基礎理論、データベース設計、データベース言語ＳＱＬ、データベースの運用について、実際のデータベースシステムを使いながら学ぶ。
行動目標●データベースとは何かを理解する。リレーショナルデータベースとはなにかわかる。Ｅ-Ｒ図が描ける。第三正規化ができる。ＳＱＬのSELECT文を使うことができる。データベースの設計ができる。"
F,F022 Ｗｅｂプログラミング,"Ｗｅｂはホームページを見せるだけでなく、データベースと連携するインターネット上のアプリケーションを作成することにより、より有用なシステムになる。スクリプト言語を修得し、サーバサイドで実行されるＷｅｂプログラミングができるようにする。
行動目標●Ｗｅｂアプリケーションの仕組みがわかる。ＰＨＰを実行するＷｅｂサーバの設定ができる。ＰＨＰの基本文法を修得する。ＰＨＰの組み込み関数を利用できる。ＰＨＰを使ったＷｅｂプログラミングができる。"
F,F023 ゲーム制作演習,"ゲーム制作に関する基本的な制作プロセスを学習する。ゲームエンジンとオブジェクト指向言語を使ったゲーム制作の基本を理解する。基礎的な２Ｄゲーム・３Ｄゲームに関するアプリケーションを通して知識や開発方法を修得する。これらを活かして課題に取組み、オリジナルなゲームを設計し制作する応用力を身につける。
行動目標●ゲーム開発の基本プロセスを説明できる。自らのＰＣにゲーム制作の開発環境を構築できる。２Ｄゲーム・３Ｄゲームに関する基本的なアプリケーションを企画・制作できる。"
F,F024 メディアデザイン ,"本科目は、メディア技術を活用したデザインやアートの優れた事例を紹介し、メディア技術の活用の仕方、デザインによって創り出される価値、意味づけについて理解する。また、デジタルメディアを使ったビジュアル表現の基本となる数理造形について理解し、それに基づいたコードによるビジュアル表現の制作演習を行う。例えば、自然物の形や動きに着想を得て、花弁の配置、樹木や川の分岐、雪の結晶などの形の生成アルゴリズムを理解し、それを基にしてデジタルメディアを活用したイメージ表現へ応用する。
行動目標●メディアデザインに関する事例を通して、メディア技術の活用の仕方、デザインによって創出される価値、意味づけを理解することができる。デジタルメディアにおけるビジュアル表現の基本となる数理造形の考え方を理解し、コードによるビジュアル表現ができる。"
F,F025 情報セキュリティ ,"現代ネットワーク社会で必要不可欠となっている情報セキュリティ技術について、その理論と応用システムに関する基本的な知識を修得する。セキュリティ技術の概要・必要性や、セキュリティの基盤技術として共通鍵暗号・公開鍵暗号・ハッシュ関数・デジタル署名、セキュリティを向上するツールとしてクライアント認証・ＰＫＩなど、応用技術としてコンピュータウイルス対策・不正アクセス対策・電子透かし・バイオメトリクス認証などについて学ぶ。
行動目標●セキュリティ技術の概要、必要性を説明できる。暗号技術の概要を説明できる。認証技術の概要を説明できる。セキュリティ応用システムの概要を説明できる。"
F,F026 メディア情報専門実験・演習Ａ ,"本科目は以下の２つのテーマで構成される。１つ目の「造形＆モデリング」は、３Ｄデータを３Ｄプリンタを用いて現実の立体物に出力することを体験し、その特性や問題点を理解、学習することを目標とする。２つ目の「映像制作」は、映像作品制作を体験することによって、実践的なメディア情報取り扱い能力を強化することを目標とする。
行動目標●３Ｄプリンタを用いて立体物を制作するプロセス、およびその特性を理解することができる。パーソナルユースのオリジナルなモノを自らデザインでき、ＣＧモデリングデータを生成し、３Ｄプリンタを用いて立体物として制作できる。映像制作のワークフローがわかる。ノンリニア映像編集ソフトウェアを使うことができる。デジタルビデオカメラ撮影ができる。"
F,F027 メディア情報専門実験・演習Ｂ ,"本科目は、大きく２つのテーマを学習する。「ＰＣとネットワーク」では、ＰＣを構成部品の状態から組み立てて簡易ネットワークを構築するまでの知識と技術を身につけることを目標とする。「フィジカルコンピューティング」では、入出力デバイスをマイクロコンピュータとつなぎ自作のシステムを作成し、コンピュータの入出力制御の関係とインタラクションデザインについて実践的に学習する。
行動目標●ＰＣの部品の機能や取り扱い方法を知り、正しく動作するよう適切に組み立て、インストール、設定ができる。複数台のＰＣとＨＵＢを用いて小規模ネットワークを構築（接続、設定）できる。自分達の取り組みに関するプレゼンテーションなどができる。マイクロコンピュータと入出力デバイスをつなぎ制御することができる。オリジナルなインタラクションデザインを考え制作することができる。"
F,F028 モバイルアプリケーション ,"モバイル端末を利用したアプリケーション制作の基本を学習する。スマートフォンやタブレットにはイメージセンサや加速度センサ、ＧＰＳなどモバイルならではの様々なセンサが実装されている。これらのセンサを用いた情報の取得方法を理解し、その情報を活用した身近なアプリケーションを企画し、Ｗｅｂ技術を使って実現する基本的な手法を身につける。
行動目標●Ｗｅｂブラウザを利用した基本的なアプリケーションを企画できる。Ｗｅｂページに動きをもたらすスクリプト言語であるＪａｖａＳｃｒｉｐｔを用いてプログラミングができる。ＪａｖａＳｃｒｉｐｔに加えてＨＴＭＬ／ＣＳＳをも活用したアプリケーションを実装し、モバイル端末上で動作させることができる。"
F,F029 画像情報処理 ,"画像データの計算機による基本処理手法について学ぶ。画像の標本化・量子化、色の表現、表色系などのデジタル画像データの計算機上での表現方法と入出力について学ぶ。ヒストグラム、平滑化、エッジ抽出、幾何学変換など画像処理の基本処理手法について学ぶ。静止画像のほか動画像の基本処理についてもふれる。画像によるパターン認識のアルゴリズムについて学ぶ。
行動目標●デジタル画像処理の基本について理解し、説明できる。デジタル画像データの入出力プログラムを作成できる。画像データの画像変換、カラー合成について理解し、説明できる。画像データの画素値の操作、画像間の演算、幾何学変換について理解し、説明できる。画像データの二値化、ヒストグラム、輪郭抽出、エッジ抽出について理解し、説明できる。"
F,F030 Ｗｅｂアプリケーション ,"主題はＷｅｂアプリケーションの開発概念・開発環境を理解し、三階層モデルのネットワークにおいてデータベースをデザインし、実際に運用を行う知識・技術を修得することである。主な目標は、バックエンドのデータベースを構築・設定する知識と技術を修得し、サーバサイドスクリプトを使ったＷｅｂサーバとデータベースサーバ間の接続・通信方法およびそれらの設定方法を身につけることである。また、これによりCool Kanazawaなどの地域情報コンテンツを世界へ発信するサービスをチーム活動により設計・実装することも目標とする。
行動目標●Ｗｅｂアプリケーションの開発環境を適切に導入・設定できる。データベースをコマンドライン環境で操作することができる。ＳＱＬをＰＨＰプログラムの中で使うことができる。チームで簡単なショッピングサイトを構築できる。チーム活動において自分の役割を果たすことができる。作成したシステムについて説明することができる。"
F,F031 ネットワークとセキュリティ演習 ,"情報ネットワークと情報セキュリティに関するより実践的な技術をプログラミング演習により修得する。ネットワーク技術としてＴＣＰ／ＩＰとアプリケーションプロトコルについて学習し、セキュリティ技術として暗号・認証アルゴリズムのプログラミング技法についても学ぶ。Ｃ言語またはJava言語を用いてこれらの技術を組み合わせたプログラムを作成することにより、実用的なプログラミング能力を身につける。また、これらの技術が実際の社会でどのように必要とされ役立っているかを、地域の実例を通して学び、理解を深める。
行動目標●TCPソケットを用いて通信プログラムを作成できる。既存の暗号・認証プログラムを利用できる。暗号ライブラリ等を用いて暗号または認証プログラムを作成できる。ネットワーク技術とセキュリティ技術を応用した独自のシステムを作成できる。"
F,F032 メディア数理 ,"ＣＧアニメーションやゲームなどのビジュアルプログラミング開発には、現実の3次元世界の現象を取り扱うための数学や物理の基礎を理解しておく必要がある。本科目では、現実世界の物体の運動に着目して、3次元プログラミングに必要とされる数学と物理の基礎と応用を学ぶ。具体的には、物体間の衝突検知のための幾何学や衝突の物理、物体の動きを制御するための各種の変換法や運動学と3次元プログラミングによる実現方法を学ぶ。
行動目標●物体の力学に基づく運動経路や衝突に関するモデリングができる。いろいろなタイプの幾何学変換を合成することで、物体の運動を行列で表現してコントロールできる。学習した物体運動の数理的な基礎知識に基づき、物体の運動シミュレーションを用いたＣＧアニメーションやゲームプログラムを作成できる。"
F,F033 作品制作 ,"１年次から学習したメディアテクノロジの知識・技術とメディアデザインの技術・感性を統合し、映像作品、音響作品、コンピュータシステムなどを制作・構築する。この過程において、作品、システムなどの制作における論理的・科学的な思考と感性との統合を体験する。
行動目標●これまでに学習した知識・技術・感性・論理的思考を統合できる。作品制作の企画・運営・実施が適切に行え、制作された作品の評価が行える。制作された作品について、口頭発表およびレポートで説明できる。"
F,F034 メディア情報学統合演習,"実社会の問題解決のために、企業での研究開発方法を人間中心設計、環境保全を含めて学ぶ。その上で、人間中心設計のもとに環境保全を考慮したシステムまたはコンテンツを作成する。メディア情報をコミュニケーションの手段として捉えた情報学の基礎知識と、メディア情報学科の専門各科目で学んだ知識、プログラミング技能、視聴覚的デザイン技能を総合的に活用する。
行動目標●メディア情報学の知識・技術を使った問題解決を提案できる。人間中心設計のもとに環境保全を考慮した専門的で高度なシステムまたはコンテンツを作成できる。計画的かつ文書化を伴ったプロジェクト進行ができる。知識・技能を実践的に役立てることができる。"
F,F901 専門ゼミ ,"専門ゼミは４年次のプロジェクトデザイン III の前提条件となる科目である。まず各自研究室に配属され、次年度プロジェクトデザイン III で遂行するプロジェクトテーマを、研究室教員と相談の上決定し、活動計画案を作成する。またこの際、専攻研究や専攻作品を調査し、プロジェクト遂行に必要な知識や技能を身につける。
行動目標●プロジェクトデザイン III プロジェクトの目標や行動計画について明確なイメージを持つことができる。プロジェクトデザイン III のプロジェクトテーマについて説明ができる。プロジェクトデザイン III を自主的に遂行していくことができる知識や技能を修得する。以上の行動目標をプロジェクトデザイン III プロポーザルとして文書作成し、提出する。プロジェクトデザイン III で遂行するプロジェクトと社会との関わりについて説明できる。"
F,F921 プロジェクトデザイン III ,"これまでに学習した、メディアテクノロジ分野とメディアデザイン分野を中心とした知識・技術・感性・論理的思考力を統合し、学生一人ひとりが独自のテーマを見出し、それに関する問題点を考え、その解決策を提案し、さらにその解決策の評価を行う。
行動目標●問題発見・解決の手法を活用して、創造的な技術者としての礎を築くことができる。プロジェクトテーマの選定・遂行にあたって既習の知識・能力・感性・論理的思考力を反映できる。自らのプロジェクトに対し自ら評価ができる。自らのプロジェクトについてCDIOに沿った研究実施ができる。自らのプロジェクトについてわかりやすく説明できる。"
F,F941 進路セミナー I ,"自分の将来の進路について考え、自分に適した進学・就職の目標を設定し、その目標を達成するために必要な準備・対策に自主的かつ意欲的に取り組むことができるようになることを教育目的とする。主な課題は次の２つである。①就職活動を始めるに当たって必要な自己分析を行って、自分のことをしっかりと把握する。②資格取得、適性検査、一般常識など準備・対策に比較的長期を要する課題に計画を立てて着手する。
行動目標●人生設計と進路との関係を自ら深く考察できる。自分に適する進路を発掘すべく、それに必要な思考や行動ができる。進学・就職など自分の進路に関する方針や目標を、他人にも理解できるように論理的に説明できる。進路に対する目標を達成するために必要な知識、能力、素養、資格などを調査し、自ら準備・対応ができる。"
F,F951 進路セミナー II ,"進学・就職の進路を決定し、自らその準備と活動ができることを目標とする。主な課題は次の２つである。①進路選択から決定までの心構えや取り組み方などを修得する。また、志望する進路に対して、自主的、積極的に活動できるようになる。②志望する職種または進学先、必要な適性、学力、素養などの内容や水準を研究して、目標達成にむけて自ら研鑽する。
行動目標●進学・就職活動に必要な情報を収集・分析・活用して、自主的・積極的に活動できる。志望する職種や企業で要求される適性、学力、素養などの内容・水準を研究し、自ら研鑽できる。"
